ain3[N],ain4[N],ain5[N]
0.000,3.267,2.384
0.000,3.267,2.384
0.000,3.267,2.384
0.000,3.267,2.426
0.000,3.267,2.426
0.000,3.324,2.426
0.000,3.383,2.426
0.000,3.383,2.426
0.000,3.383,2.426
0.000,3.383,2.426
0.000,3.443,2.469
0.000,3.443,2.469
0.000,3.503,2.426
0.000,3.503,2.469
0.000,3.503,2.469
0.000,3.503,2.469
0.000,3.503,2.469
0.000,3.565,2.469
0.000,3.565,2.469
0.000,3.565,2.469
0.000,3.503,2.469
0.000,3.503,2.469
0.000,3.503,2.512
0.000,3.503,2.512
0.688,3.503,2.469
0.688,3.503,2.469
0.000,3.565,2.469
0.000,3.565,2.469
0.000,3.565,2.469
0.000,3.565,2.469
0.000,3.565,2.469
0.000,3.565,2.469
0.000,3.565,2.469
0.000,3.565,2.469
0.000,3.565,2.469
0.000,3.628,2.512
0.000,3.628,2.512
0.000,3.565,2.512
0.000,3.565,2.512
0.000,3.628,2.512
0.000,3.628,2.512
0.000,3.628,2.557
0.000,3.628,2.557
0.688,3.628,2.512
0.688,3.628,2.512
0.000,3.628,2.557
0.000,3.628,2.557
0.000,3.628,2.557
0.000,3.628,2.557
0.000,3.628,2.557
0.000,3.628,2.648
0.000,3.628,2.648
0.000,3.628,2.648
0.000,3.692,2.648
0.000,3.692,2.648
0.000,3.692,2.602
0.000,3.692,2.602
0.688,3.628,2.602
0.688,3.628,2.602
0.000,3.628,2.602
0.000,3.628,2.602
0.000,3.628,2.602
0.000,3.565,2.602
0.000,3.565,2.602
0.000,3.565,2.557
0.000,3.565,2.557
0.000,3.565,2.557
0.000,3.565,2.557
0.000,3.565,2.557
0.000,3.692,2.742
0.000,3.757,2.791
0.000,3.757,2.791
0.688,3.824,2.742
0.688,3.824,2.742
0.688,3.824,2.742
0.688,3.565,2.648
0.688,3.565,2.648
0.688,3.503,2.890
0.688,3.503,2.890
0.000,3.565,2.840
0.000,3.565,2.840
0.688,3.503,2.791
0.688,3.503,2.791
0.688,3.503,2.791
0.688,3.565,3.099
0.688,3.565,3.099
0.000,3.692,2.890
0.000,3.692,2.890
0.000,3.628,2.262
0.000,3.628,2.262
0.000,3.383,2.557
0.000,3.383,2.557
0.000,3.383,2.223
0.000,3.383,2.223
0.000,3.046,2.146
0.000,3.046,2.146
0.000,3.046,2.146
0.688,2.602,2.184
0.688,2.602,2.184
0.000,2.343,1.932
0.000,2.343,1.932
0.000,2.343,1.899
0.000,2.343,1.899
0.000,2.343,1.899
0.000,2.262,2.001
0.000,2.262,2.001
0.000,2.695,2.302
0.000,2.695,2.302
0.000,2.695,2.302
0.000,3.046,2.146
0.000,3.046,2.146
0.000,3.210,2.223
0.000,3.210,2.223
0.000,3.154,2.426
0.000,3.154,2.426
0.000,2.993,2.426
0.000,2.993,2.426
0.000,3.154,2.343
0.000,3.154,2.343
0.000,3.503,2.469
0.000,3.503,2.469
0.000,3.503,2.469
0.000,3.692,2.343
0.000,3.692,2.343
0.000,3.891,2.343
0.000,3.891,2.343
0.000,3.891,2.343
0.000,4.030,2.343
0.000,4.030,2.343
0.000,4.247,2.223
0.000,4.173,2.223
0.000,4.173,2.223
0.000,4.030,2.146
0.000,4.030,2.146
0.000,4.030,2.146
0.000,4.101,2.262
0.000,4.101,2.262
0.000,4.173,2.262
0.000,4.173,2.262
0.000,4.173,2.343
0.000,4.173,2.343
0.000,3.960,2.469
0.000,3.960,2.469
0.000,3.628,2.469
0.000,3.628,2.469
0.000,3.443,2.512
0.000,3.443,2.512
0.000,3.324,2.469
0.000,3.324,2.469
0.000,3.324,2.469
0.000,3.267,2.557
0.000,3.267,2.557
0.000,3.267,2.602
0.000,3.267,2.602
0.000,2.695,2.557
0.000,2.695,2.557
0.000,2.557,2.343
0.000,2.557,2.343
0.000,2.302,2.146
0.000,2.302,2.146
0.000,2.146,2.184
0.000,2.146,2.184
0.000,2.109,2.072
0.000,2.109,2.072
0.000,1.899,2.072
0.000,1.899,2.072
0.000,1.740,2.302
0.000,1.740,2.302
0.000,1.932,2.384
0.000,1.932,2.384
0.000,2.072,2.602
0.000,2.072,2.602
0.000,2.262,2.648
0.000,2.262,2.648
0.000,2.384,3.046
0.000,2.384,3.046
0.688,2.262,3.383
0.688,2.262,3.383
0.688,2.072,3.210
0.688,2.072,3.210
0.000,1.770,2.469
0.000,1.770,2.469
0.000,1.740,2.223
0.000,1.740,2.223
0.000,1.740,2.343
0.000,1.740,2.343
0.000,1.802,2.343
0.000,1.802,2.343
0.000,1.834,2.343
0.000,1.834,2.343
0.000,1.932,2.384
0.000,1.932,2.384
0.000,2.001,2.512
0.000,2.001,2.512
0.000,2.072,2.557
0.000,2.072,2.557
0.000,2.072,2.512
0.000,2.072,2.512
0.000,2.037,2.426
0.000,2.037,2.426
0.000,2.184,2.602
0.000,2.184,2.602
0.000,2.426,2.742
0.000,2.426,2.742
0.688,2.890,3.099
0.688,2.890,3.099
0.688,3.383,3.891
0.688,3.383,3.891
0.688,3.960,4.555
0.688,3.960,4.555
0.688,4.398,5.619
0.688,4.398,5.619
0.688,5.149,6.578
0.688,5.149,6.578
0.688,5.149,6.578
0.688,5.426,7.567
0.688,5.426,7.567
0.688,5.719,7.974
0.688,5.719,7.974
0.688,5.719,7.055
0.688,5.059,6.578
0.688,5.059,6.578
0.688,3.891,5.922
0.688,3.891,5.922
0.688,3.757,4.972
0.688,3.891,3.891
0.688,3.891,3.891
0.000,3.692,2.993
0.000,3.692,2.993
0.000,4.101,3.210
0.688,5.426,3.503
0.000,6.027,4.030
0.000,6.027,4.030
0.688,6.242,4.555
0.688,5.820,3.692
0.688,5.522,3.503
0.688,5.522,3.503
0.688,5.332,3.503
0.000,5.332,3.503
0.000,5.332,3.503
0.000,6.027,3.757
0.688,5.619,3.628
0.688,5.619,3.628
0.000,4.030,3.210
0.000,3.154,2.840
0.000,3.154,2.840
0.000,3.267,2.791
0.000,3.267,2.791
0.000,3.267,2.791
0.688,3.757,2.840
0.688,3.503,3.046
0.688,3.503,3.046
0.000,2.602,2.840
0.000,2.602,2.840
0.000,1.866,2.262
0.000,1.866,2.262
0.000,1.740,2.302
0.000,1.740,2.302
0.000,1.740,2.302
0.688,1.740,2.426
0.688,1.740,2.426
0.000,1.710,2.890
0.688,2.146,3.565
0.688,2.146,3.565
0.688,2.557,4.635
0.688,2.557,4.635
0.688,2.993,6.027
0.688,2.993,6.027
0.688,2.993,6.027
0.688,3.154,6.578
0.688,3.154,6.578
0.688,3.383,6.578
0.688,3.692,7.700
0.688,3.692,7.700
0.688,3.692,7.700
0.688,4.476,7.055
0.688,4.322,6.133
0.688,4.322,6.133
0.688,4.322,6.133
0.688,4.030,4.801
0.688,4.030,4.801
0.688,3.383,4.173
0.688,3.383,4.173
0.688,2.840,3.503
0.688,2.840,3.503
0.688,2.840,3.503
0.000,2.426,3.503
0.000,2.426,3.503
0.688,2.146,3.267
0.688,2.146,3.267
0.000,2.184,3.046
0.000,2.184,3.046
0.000,2.223,3.046
0.000,2.223,3.046
0.000,2.384,3.046
0.000,2.384,3.046
0.688,2.742,3.267
0.688,2.742,3.267
0.000,3.154,3.383
0.000,3.154,3.383
0.688,4.247,4.635
0.688,4.247,4.635
0.688,5.149,5.522
0.688,5.149,5.522
0.688,6.133,6.242
0.688,6.133,6.242
0.700,7.055,7.306
0.700,7.055,7.306
0.700,8.704,9.014
0.700,8.704,9.014
0.700,9.667,10.011
0.700,9.667,10.011
0.700,10.188,10.551
0.700,10.188,10.551
0.700,9.838,10.188
0.700,9.838,10.188
0.700,9.173,10.368
0.700,9.173,10.368
0.700,8.115,9.838
0.700,8.115,9.838
0.700,8.115,9.838
0.700,7.306,8.704
0.700,7.306,8.704
0.700,6.812,8.704
0.700,6.812,8.704
0.688,7.055,7.700
0.688,7.055,7.700
0.688,6.464,6.242
0.688,6.464,6.242
0.688,5.619,5.059
0.688,5.619,5.059
0.688,4.885,4.173
0.688,4.885,4.173
0.688,4.555,3.565
0.688,4.555,3.565
0.688,5.619,3.565
0.688,5.619,3.565
0.688,5.922,3.154
0.688,5.922,3.154
0.688,5.922,3.267
0.688,5.922,3.267
0.688,5.922,3.046
0.688,5.922,3.046
0.688,6.578,2.890
0.688,6.578,2.890
0.688,6.578,2.890
0.688,6.578,2.791
0.688,6.352,2.840
0.688,6.352,2.840
0.688,6.464,2.941
0.688,6.464,2.941
0.688,6.578,3.046
0.688,6.578,3.046
0.688,6.352,2.941
0.688,6.352,2.941
0.688,5.820,2.941
0.688,5.820,2.941
0.000,4.801,2.742
0.000,4.801,2.742
0.000,4.030,2.695
0.000,4.030,2.695
0.000,3.692,2.648
0.000,3.692,2.648
0.000,3.154,2.512
0.000,3.154,2.512
0.000,2.840,2.469
0.000,2.840,2.469
0.000,2.302,2.384
0.000,2.302,2.384
0.000,2.302,2.384
0.000,2.072,2.302
0.000,2.072,2.302
0.000,1.834,2.184
0.000,1.834,2.184
0.000,2.001,2.146
0.000,2.001,2.146
0.000,2.262,2.223
0.000,2.262,2.223
0.000,2.262,2.109
0.000,2.262,2.109
0.000,1.710,1.932
0.000,1.710,1.932
0.000,1.710,1.932
0.000,1.710,1.932
0.000,1.680,2.001
0.000,1.680,2.001
0.000,1.594,2.262
0.000,1.594,2.262
0.000,1.594,2.648
0.000,1.594,2.648
0.688,1.966,4.173
0.688,1.966,4.173
0.688,2.426,5.719
0.688,2.426,5.719
0.688,2.512,5.332
0.688,2.512,5.332
0.688,2.384,3.154
0.688,2.384,3.154
0.000,1.802,2.426
0.000,1.802,2.426
0.000,1.680,1.802
0.000,1.680,1.802
0.000,1.512,1.866
0.000,1.512,1.866
0.000,1.512,1.899
0.000,1.512,1.899
0.000,1.539,1.932
0.000,1.539,1.932
0.000,1.594,2.001
0.000,1.594,2.001
0.000,1.594,1.770
0.000,1.594,1.770
0.000,1.512,1.460
0.000,1.512,1.460
0.000,1.539,1.410
0.000,1.539,1.410
0.000,1.486,1.486
0.000,1.338,1.622
0.000,1.338,1.622
0.000,1.338,1.622
0.000,1.270,1.085
0.000,1.270,1.085
0.000,1.143,1.226
0.000,1.143,1.226
0.000,1.270,1.270
0.000,1.270,1.270
0.000,1.338,1.292
0.000,1.386,1.386
0.000,1.386,1.386
0.000,1.386,1.386
0.000,1.362,1.435
0.000,1.410,1.460
0.000,1.410,1.460
0.000,1.435,1.512
0.000,1.435,1.512
0.000,1.486,1.512
0.000,1.486,1.512
0.000,1.460,1.512
0.000,1.460,1.512
0.000,1.460,1.539
0.000,1.460,1.539
0.000,1.460,1.539
0.000,1.460,1.539
0.000,1.338,1.362
0.000,1.292,1.386
0.000,1.315,1.362
0.000,1.315,1.410
0.000,1.292,1.410
0.000,1.362,1.512
0.000,1.512,1.486
0.000,1.740,2.001
0.000,1.866,2.146
0.000,2.001,2.109
0.000,2.302,2.109
0.000,2.557,2.184
0.000,2.648,2.384
0.000,2.648,2.602
0.000,2.648,2.602
0.000,2.648,2.695
0.000,2.648,2.695
0.000,2.648,2.695
0.000,2.648,2.695
0.000,2.648,2.695
0.000,2.602,2.512
0.000,2.602,2.512
0.000,2.602,2.512
0.000,2.648,2.512
0.000,2.648,2.512
0.000,2.648,2.469
0.000,2.648,2.469
0.000,2.602,2.426
0.000,2.602,2.426
0.000,2.602,2.469
0.000,2.602,2.469
0.000,2.602,2.469
0.000,2.695,2.602
0.000,2.695,2.602
0.000,2.742,2.648
0.000,2.742,2.648
0.000,2.742,2.791
0.000,2.742,2.791
0.000,2.695,2.890
0.000,2.695,2.890
0.000,2.742,2.840
0.000,2.742,2.840
0.000,2.742,2.840
0.000,2.742,2.840
0.000,2.791,2.840
0.000,2.791,2.840
0.000,2.840,2.602
0.000,2.840,2.602
0.000,2.840,2.557
0.000,2.840,2.557
0.000,2.742,2.557
0.000,2.742,2.557
0.000,2.742,2.557
0.000,2.742,2.648
0.000,2.742,2.648
0.000,2.742,2.648
0.000,2.742,2.648
0.000,2.695,2.742
0.000,2.742,2.742
0.000,2.695,2.791
0.000,2.742,2.742
0.000,2.742,2.742
0.000,2.742,2.742
0.000,2.840,2.695
0.000,2.840,2.695
0.000,2.840,2.557
0.000,2.840,2.557
0.000,2.890,2.469
0.000,2.890,2.469
0.000,2.941,2.384
0.000,2.993,2.343
0.000,2.993,2.343
0.000,2.993,2.384
0.000,2.993,2.384
0.000,2.993,2.426
0.000,2.993,2.426
0.000,3.046,2.343
0.000,3.046,2.343
0.000,3.099,2.469
0.000,3.099,2.469
0.000,3.324,2.602
0.000,3.324,2.602
0.000,3.503,2.695
0.000,3.503,2.695
0.000,3.628,2.890
0.000,3.628,2.890
0.000,3.628,3.099
0.000,3.628,3.099
0.000,3.891,3.324
0.000,3.891,3.324
0.000,3.824,3.565
0.000,3.824,3.565
0.000,4.173,4.173
0.000,4.173,4.173
0.688,4.398,4.635
0.688,4.398,4.635
0.688,4.476,5.240
0.688,4.476,5.240
0.688,4.476,6.242
0.688,4.476,6.242
0.688,4.885,6.352
0.688,4.885,6.352
0.688,4.801,7.180
0.688,4.972,7.567
0.688,4.972,7.567
0.688,5.522,7.567
0.688,5.522,7.567
0.688,5.240,7.567
0.688,4.717,7.180
0.688,4.717,7.180
0.688,3.824,7.567
0.688,3.824,7.567
0.000,4.101,6.242
0.000,4.101,6.242
0.688,4.173,4.972
0.688,4.173,4.972
0.000,4.101,4.247
0.000,4.101,4.247
0.688,5.240,3.824
0.000,4.555,3.565
0.000,4.555,3.565
0.000,3.692,3.824
0.000,3.692,3.824
0.000,3.267,3.692
0.000,3.267,3.692
0.000,3.383,3.443
0.000,3.383,3.443
0.000,3.503,3.503
0.000,3.503,3.503
0.000,3.503,3.383
0.000,3.503,3.383
0.000,3.443,3.324
0.000,3.443,3.324
0.000,3.099,3.267
0.000,3.099,3.267
0.000,2.557,3.210
0.000,2.557,3.210
0.000,2.512,2.993
0.000,2.512,2.993
0.000,2.695,2.791
0.000,2.695,2.791
0.000,2.993,2.840
0.000,2.993,2.840
0.000,2.941,3.099
0.000,2.941,3.099
0.000,2.840,2.993
0.000,2.840,2.993
0.000,2.742,2.941
0.000,2.742,2.993
0.000,2.742,2.993
0.000,2.648,3.046
0.000,2.648,3.046
0.000,2.648,3.099
0.000,2.648,3.099
0.000,2.343,2.941
0.000,2.343,2.941
0.000,2.262,2.890
0.000,2.262,2.890
0.000,2.146,2.993
0.000,2.146,2.993
0.000,2.146,2.993
0.000,2.146,2.993
0.000,2.072,2.993
0.000,2.146,2.993
0.000,2.146,2.993
0.000,2.037,2.941
0.000,2.037,2.941
0.000,1.866,3.046
0.000,1.866,3.046
0.000,1.770,3.046
0.000,1.770,3.046
0.000,1.566,3.099
0.000,1.315,3.046
0.000,1.315,3.046
0.000,1.143,2.840
0.000,1.143,2.840
0.000,1.184,2.742
0.000,1.184,2.742
0.000,1.270,3.046
0.000,1.315,2.602
0.000,1.315,2.602
0.000,1.539,2.695
0.000,1.539,2.695
0.000,1.710,2.648
0.000,1.710,2.648
0.000,1.866,2.695
0.000,1.866,2.695
0.000,1.932,2.512
0.000,1.866,2.469
0.000,1.866,2.469
0.000,1.866,2.648
0.000,1.866,2.648
0.000,1.680,2.602
0.000,1.740,2.602
0.000,1.740,2.602
0.000,1.710,2.426
0.000,1.680,2.223
0.000,1.680,2.223
0.000,1.710,2.146
0.000,1.710,2.146
0.000,1.622,2.001
0.000,1.539,2.001
0.000,1.539,2.001
0.000,1.460,2.037
0.000,1.460,2.037
0.000,1.338,1.866
0.000,1.315,1.834
0.000,1.315,1.834
0.000,1.184,1.932
0.000,1.104,1.834
0.000,1.104,1.834
0.000,1.143,1.770
0.000,1.123,1.566
0.000,1.123,1.566
0.000,1.226,1.460
0.000,1.226,1.460
0.000,1.248,1.460
0.000,1.315,1.410
0.000,1.315,1.410
0.000,1.435,1.622
0.000,1.435,1.622
0.000,1.651,1.802
0.000,1.651,1.802
0.000,1.770,2.072
0.000,1.770,2.072
0.000,1.966,2.426
0.000,1.966,2.426
0.000,2.512,3.046
0.000,3.154,3.565
0.000,3.154,3.565
0.688,3.628,4.717
0.688,3.628,4.717
0.688,4.476,5.522
0.688,5.426,6.242
0.688,5.426,6.242
0.688,6.242,7.836
0.688,8.704,8.704
0.688,9.499,9.173
0.688,9.499,9.173
0.688,9.173,10.551
0.688,10.188,9.335
0.688,10.188,9.335
0.700,11.516,10.368
0.688,12.137,9.014
0.688,12.137,9.014
0.700,12.569,7.180
0.700,12.791,7.055
0.700,12.791,7.055
0.700,13.247,5.522
0.713,13.718,5.719
0.713,13.718,5.719
0.725,13.961,5.149
0.725,14.713,4.635
0.725,14.713,4.635
0.725,14.458,4.555
0.725,14.458,4.555
0.725,14.973,4.173
0.725,14.458,4.101
0.725,14.458,4.101
0.713,14.458,3.692
0.713,14.458,3.692
0.713,14.713,3.757
0.700,13.247,3.824
0.700,13.247,3.824
0.700,12.137,3.824
0.688,10.011,3.628
0.688,10.011,3.628
0.688,7.567,3.046
0.688,7.567,3.046
0.000,5.522,2.791
0.000,4.322,2.602
0.000,3.267,2.223
0.000,2.890,2.343
0.000,2.791,2.512
0.000,2.791,2.512
0.000,2.648,2.426
0.000,2.426,2.109
0.000,2.426,2.109
0.000,2.262,2.343
0.000,2.001,2.941
0.000,2.001,2.941
0.000,2.072,3.503
0.000,2.072,3.503
0.000,2.072,3.503
0.000,2.262,6.694
0.000,2.557,7.435
0.000,2.557,7.435
0.000,2.223,6.352
0.000,1.710,5.240
0.000,1.899,3.692
0.000,1.899,3.692
0.000,1.410,3.324
0.000,1.270,3.891
0.000,1.270,3.891
0.000,1.292,4.322
0.000,1.410,3.891
0.000,1.410,3.891
0.000,1.566,3.443
0.000,1.566,3.443
0.000,1.680,3.565
0.000,1.680,3.565
0.000,1.680,3.565
0.000,1.680,3.565
0.000,2.941,4.801
0.000,2.941,4.801
0.688,3.324,4.972
0.688,3.628,5.922
0.688,3.628,5.922
0.688,3.692,6.578
0.688,3.891,7.306
0.688,3.891,7.306
0.688,4.322,7.567
0.688,4.322,7.567
0.688,4.398,7.836
0.688,4.398,7.836
0.688,4.398,7.836
0.700,5.059,8.704
0.700,5.059,8.704
0.688,5.522,8.857
0.688,5.522,8.857
0.700,5.820,9.173
0.700,5.820,9.173
0.700,6.133,8.704
0.700,6.133,8.704
0.700,6.242,8.404
0.700,6.242,8.404
0.688,5.922,8.553
0.688,5.922,8.553
0.688,5.922,6.133
0.688,5.922,6.133
0.688,5.922,5.522
0.688,5.922,5.522
0.688,5.820,5.149
0.688,5.820,5.149
0.688,6.133,5.149
0.688,6.133,5.149
0.688,7.180,5.149
0.688,7.180,5.149
0.688,7.836,5.059
0.688,7.836,5.059
0.688,8.553,4.972
0.688,8.553,4.972
0.688,8.115,5.522
0.688,8.115,5.522
0.688,7.836,5.619
0.688,7.836,5.619
0.688,7.435,5.820
0.688,7.435,5.820
0.700,8.704,5.719
0.700,8.704,5.719
0.700,9.014,5.922
0.700,9.014,5.922
0.713,10.737,5.820
0.713,10.737,5.820
0.713,11.316,5.426
0.713,11.316,5.426
0.700,11.316,4.801
0.700,11.316,4.801
0.700,10.927,4.322
0.700,10.927,4.322
0.700,10.927,3.891
0.700,10.927,3.891
0.700,10.737,4.030
0.700,10.737,4.030
0.700,10.737,4.635
0.700,10.737,4.635
0.700,10.737,4.885
0.700,10.737,4.885
0.700,10.737,4.885
0.700,10.551,5.149
0.700,10.551,5.149
0.688,10.188,5.240
0.688,10.188,5.240
0.688,9.667,5.332
0.688,9.667,5.332
0.688,9.173,5.522
0.688,9.173,5.522
0.688,7.836,5.332
0.688,7.836,5.332
0.688,6.352,5.719
0.688,6.352,5.719
0.688,6.027,5.522
0.688,6.027,5.522
0.688,6.027,5.522
0.688,4.801,5.332
0.688,4.801,5.332
0.000,4.635,5.240
0.000,4.635,5.240
0.000,4.173,5.240
0.000,4.173,5.240
0.000,3.824,5.332
0.000,2.602,5.149
0.000,2.602,5.149
0.000,2.602,5.149
0.000,2.469,5.149
0.000,2.469,5.149
0.000,2.302,5.240
0.000,2.302,5.240
0.000,2.262,5.240
0.000,2.262,5.240
0.000,2.426,5.922
0.000,2.426,5.922
0.000,2.512,6.578
0.000,2.512,6.578
0.000,2.742,6.812
0.000,2.742,6.812
0.000,2.840,7.055
0.000,2.840,7.055
0.000,2.840,7.435
0.000,2.648,6.933
0.000,2.648,6.933
0.000,2.791,5.719
0.000,2.791,5.719
0.000,2.557,4.885
0.000,2.557,4.885
0.000,2.262,3.628
0.000,2.262,3.628
0.000,2.302,2.840
0.000,2.302,2.840
0.000,2.302,2.840
0.000,2.072,2.343
0.000,2.072,2.343
0.000,2.001,1.710
0.000,2.001,1.710
0.000,2.037,1.512
0.000,2.037,1.512
0.000,1.866,1.362
0.000,1.770,1.435
0.000,1.770,1.435
0.000,1.802,1.512
0.000,1.802,1.512
0.000,1.802,1.622
0.000,1.802,1.622
0.000,1.770,1.622
0.000,1.770,1.622
0.000,1.770,1.622
0.000,1.802,1.594
0.000,1.802,1.594
0.000,1.740,1.710
0.000,1.740,1.710
0.000,1.834,1.680
0.000,1.834,1.680
0.000,1.932,1.740
0.000,1.966,1.680
0.000,1.966,1.680
0.000,1.899,1.566
0.000,1.899,1.566
0.000,1.932,1.512
0.000,1.932,1.512
0.000,1.932,1.539
0.000,2.557,2.742
0.000,2.557,2.557
0.000,2.557,2.469
0.000,2.512,2.426
0.000,2.512,2.343
0.000,2.426,2.302
0.000,2.343,2.223
0.000,2.184,2.072
0.000,2.146,2.001
0.000,2.146,2.037
0.000,2.072,2.001
0.000,2.037,1.966
0.000,1.932,1.899
0.000,2.109,1.932
0.000,2.109,1.899
0.000,2.109,1.899
0.000,2.072,1.899
0.000,2.072,1.899
0.000,2.109,2.001
0.000,2.109,2.001
0.000,2.223,2.037
0.000,2.223,2.037
0.000,2.343,2.001
0.000,2.343,2.001
0.000,2.602,2.302
0.000,2.602,2.302
0.000,3.099,2.840
0.000,3.099,2.840
0.688,4.247,3.565
0.688,4.247,3.565
0.700,5.149,4.555
0.700,5.149,4.555
0.700,6.133,5.332
0.700,6.133,5.332
0.700,6.133,5.332
0.713,7.700,6.694
0.713,7.700,6.694
0.725,9.499,7.306
0.725,9.499,7.306
0.738,11.316,8.404
0.738,11.316,8.404
0.751,13.961,10.011
0.751,13.961,10.011
0.751,14.973,10.737
0.751,14.973,10.737
0.751,14.973,10.737
0.751,15.237,11.719
0.751,15.237,11.719
0.751,15.506,10.737
0.751,15.506,10.737
0.751,15.780,11.926
0.751,15.780,11.926
0.751,15.237,11.719
0.751,15.237,11.719
0.738,14.207,11.926
0.738,14.207,11.926
0.738,12.791,11.719
0.738,12.791,11.719
0.738,12.791,11.719
0.725,11.516,10.927
0.725,11.516,10.927
0.725,11.120,10.011
0.725,11.120,10.011
0.713,8.857,8.704
0.713,8.857,8.704
0.700,7.435,7.974
0.700,7.435,7.974
0.688,6.812,6.578
0.688,6.812,6.578
0.688,5.922,5.522
0.688,5.922,5.522
0.688,4.885,4.247
0.688,4.885,4.247
0.688,4.476,3.267
0.688,4.476,3.267
0.688,3.503,2.941
0.688,3.503,2.941
0.000,2.840,2.840
0.000,2.840,2.840
0.000,2.557,2.302
0.000,2.557,2.302
0.000,2.384,2.146
0.000,2.384,2.146
0.000,2.512,2.109
0.000,2.512,2.109
0.000,2.512,2.109
0.000,2.512,2.109
0.000,2.557,2.072
0.000,2.557,2.072
0.000,2.648,2.109
0.000,2.648,2.109
0.000,2.648,2.072
0.000,2.648,2.072
0.000,2.695,2.072
0.000,2.695,2.072
0.000,2.648,2.109
0.000,2.648,2.109
0.000,2.648,2.001
0.000,2.648,2.001
0.000,2.602,2.037
0.000,2.602,2.037
0.000,2.469,2.072
0.000,2.469,2.072
0.000,2.469,2.072
0.000,2.426,2.072
0.000,2.426,2.072
0.000,2.343,2.072
0.000,2.343,2.072
0.000,2.262,2.072
0.000,2.262,2.072
0.000,2.001,2.001
0.000,2.001,2.001
0.000,2.001,2.001
0.000,1.802,2.001
0.000,1.802,2.001
0.000,1.566,1.899
0.000,1.566,1.899
0.000,1.410,1.866
0.000,1.410,1.866
0.000,1.315,1.740
0.000,1.315,1.740
0.000,1.338,1.740
0.000,1.338,1.740
0.000,1.338,1.740
0.000,1.226,1.710
0.000,1.226,1.710
0.000,1.163,1.622
0.000,1.163,1.622
0.000,1.085,1.512
0.000,1.163,1.460
0.000,1.163,1.460
0.000,1.248,1.248
0.000,1.248,1.248
0.000,1.270,1.163
0.000,1.270,1.163
0.000,1.315,1.143
0.000,1.315,1.143
0.000,1.315,1.066
0.000,1.315,1.066
0.000,1.338,1.226
0.000,1.338,1.226
0.000,1.338,1.338
0.000,1.338,1.338
0.000,1.338,1.338
0.000,1.338,1.338
0.000,1.362,1.362
0.000,1.362,1.362
0.000,1.338,1.386
0.000,1.338,1.386
0.000,1.338,1.386
0.000,1.362,1.362
0.000,1.362,1.362
0.000,1.362,1.386
0.000,1.362,1.386
0.000,1.338,1.435
0.000,1.338,1.435
0.000,1.292,1.460
0.000,1.292,1.460
0.000,1.292,1.460
0.000,1.292,1.460
0.000,1.315,1.512
0.000,1.315,1.512
0.000,1.338,1.410
0.000,1.338,1.410
0.000,1.362,1.435
0.000,1.362,1.435
0.000,1.386,1.435
0.000,1.386,1.435
0.000,1.386,1.386
0.000,1.386,1.386
0.000,1.386,1.386
0.000,1.386,1.386
0.000,1.386,1.386
0.000,1.410,1.386
0.000,1.410,1.386
0.000,1.386,1.362
0.000,1.386,1.362
0.000,1.386,1.386
0.000,1.386,1.386
0.000,1.338,1.435
0.000,1.338,1.435
0.000,1.338,1.435
0.000,1.338,1.435
0.000,1.338,1.435
0.000,1.338,1.435
0.000,1.338,1.435
0.000,1.338,1.435
0.000,1.338,1.435
0.000,1.338,1.435
0.000,1.338,1.435
0.000,1.338,1.435
0.000,1.362,1.435
0.000,1.362,1.435
0.000,1.362,1.410
0.000,1.362,1.410
0.000,1.362,1.435
0.000,1.386,1.460
0.000,1.386,1.460
0.000,1.460,1.566
0.000,1.460,1.566
0.000,1.802,1.710
0.000,2.384,2.223
0.000,2.384,2.223
0.688,5.332,3.383
0.713,9.499,5.820
0.713,9.499,5.820
0.725,13.247,8.704
0.738,16.342,10.011
0.738,16.342,10.011
0.751,18.798,13.247
0.764,20.879,15.237
0.764,20.879,15.237
0.764,22.788,16.342
0.764,22.788,16.342
0.778,24.016,16.630
0.778,24.016,16.630
0.778,24.016,15.780
0.778,24.016,15.780
0.764,22.393,14.713
0.751,20.879,13.718
0.751,20.879,13.718
0.738,18.472,10.927
0.738,18.472,10.927
0.725,15.237,8.704
0.725,15.237,8.704
0.725,15.237,7.700
0.725,16.342,7.435
0.725,16.342,7.435
0.738,18.472,8.704
0.738,18.472,8.704
0.751,20.517,10.188
0.751,22.004,10.551
0.751,22.004,10.551
0.751,22.004,10.368
0.751,22.004,10.368
0.738,21.622,9.667
0.738,21.622,9.667
0.725,20.517,8.115
0.713,18.472,7.306
0.713,18.472,7.306
0.700,16.924,6.694
0.700,16.924,6.694
0.700,14.458,5.922
0.700,14.458,5.922
0.700,12.137,5.332
0.700,12.137,5.332
0.688,10.188,4.972
0.688,7.836,4.398
0.688,7.836,4.398
0.688,6.352,4.173
0.688,6.352,4.173
0.688,4.801,3.891
0.688,4.801,3.891
0.688,3.692,3.503
0.000,2.512,2.941
0.000,2.512,2.941
0.000,2.072,2.890
0.000,2.072,2.890
0.000,1.770,2.742
0.000,1.770,2.742
0.000,1.594,2.602
0.000,1.594,2.602
0.000,1.594,2.840
0.000,1.594,2.840
0.000,1.539,2.602
0.000,1.539,2.602
0.688,1.410,2.840
0.688,1.248,2.742
0.688,1.248,2.742
0.000,1.205,3.210
0.000,1.205,3.210
0.688,1.270,4.173
0.688,1.270,4.173
0.688,1.512,6.352
0.688,1.512,6.352
0.688,1.710,7.055
0.688,2.262,8.704
0.688,2.262,8.704
0.700,2.742,8.704
0.700,2.742,8.704
0.700,2.840,7.567
0.700,2.840,7.567
0.688,2.941,6.027
0.688,2.941,6.027
0.688,2.223,3.960
0.688,2.223,3.960
0.000,1.866,2.840
0.000,1.386,2.469
0.000,1.386,2.469
0.000,1.386,1.899
0.000,1.386,1.899
0.000,1.486,1.435
0.000,1.486,1.435
0.000,1.594,1.270
0.000,1.486,1.143
0.000,1.486,1.143
0.000,1.205,1.163
0.000,1.205,1.163
0.000,1.205,1.163
0.000,1.205,1.163
0.000,1.270,1.205
0.000,1.270,1.205
0.000,1.292,1.226
0.000,1.292,1.226
0.000,1.292,1.248
0.000,1.315,1.315
0.000,1.315,1.315
0.000,1.315,1.248
0.000,1.315,1.248
0.000,1.315,1.270
0.000,1.315,1.270
0.000,1.315,1.292
0.000,1.315,1.292
0.000,1.270,1.270
0.000,1.292,1.315
0.000,1.292,1.315
0.000,1.338,1.338
0.000,1.338,1.338
0.000,1.362,1.315
0.000,1.362,1.315
0.000,1.622,1.486
0.000,1.622,1.486
0.000,1.834,2.302
0.000,1.834,2.302
0.688,3.443,4.101
0.700,7.836,6.812
0.700,7.836,6.812
0.725,13.718,8.704
0.725,13.718,8.704
0.751,17.527,12.569
0.751,17.527,12.569
0.764,21.622,13.480
0.764,21.622,13.480
0.778,23.600,16.630
0.778,23.600,16.630
0.778,24.872,14.973
0.778,24.872,15.506
0.778,24.872,15.506
0.778,24.872,17.527
0.778,24.872,17.527
0.778,24.016,16.924
0.778,24.016,16.924
0.764,23.190,15.780
0.751,22.788,14.207
0.751,22.788,14.207
0.764,23.600,14.207
0.764,23.600,14.207
0.764,23.600,12.569
0.764,23.600,12.569
0.778,25.311,13.718
0.778,25.311,13.718
0.764,25.311,13.961
0.764,25.311,13.961
0.764,25.758,11.719
0.751,26.675,11.516
0.751,26.675,11.516
0.751,25.758,10.927
0.751,25.758,10.927
0.738,25.311,10.188
0.738,25.311,10.188
0.738,24.440,9.838
0.725,24.440,9.667
0.725,24.440,9.667
0.725,24.016,9.335
0.725,24.016,9.335
0.713,23.600,9.014
0.713,22.393,8.404
0.713,22.393,8.404
0.700,20.517,7.306
0.700,20.517,7.306
0.688,17.223,5.922
0.688,17.223,5.922
0.688,12.351,4.476
0.688,12.351,4.476
0.688,7.974,3.324
0.688,7.974,3.324
0.688,4.801,2.840
0.688,4.801,2.840
0.688,3.383,2.469
0.000,2.512,2.343
0.000,2.512,2.343
0.000,2.072,2.037
0.000,2.072,2.037
0.000,1.866,1.866
0.000,1.866,1.866
0.000,1.651,1.802
0.000,1.435,1.932
0.000,1.435,1.932
0.000,1.460,1.770
0.000,1.460,1.770
0.000,1.486,1.802
0.000,1.486,1.802
0.000,1.680,1.770
0.000,1.680,1.770
0.000,1.802,1.622
0.000,1.802,1.622
0.000,1.866,1.622
0.000,1.866,1.622
0.000,1.866,1.362
0.000,1.866,1.362
0.000,1.866,1.226
0.000,1.866,1.226
0.000,1.770,1.104
0.000,1.770,1.104
0.000,1.460,1.270
0.000,1.460,1.270
0.000,1.362,1.270
0.000,1.362,1.270
0.000,1.315,1.338
0.000,1.315,1.338
0.000,1.362,1.386
0.000,1.362,1.386
0.000,1.386,1.386
0.000,1.386,1.386
0.000,1.362,1.338
0.000,1.362,1.338
0.000,1.410,1.386
0.000,1.410,1.386
0.000,1.410,1.386
0.000,1.410,1.362
0.000,1.410,1.362
0.000,1.386,1.315
0.000,1.386,1.315
0.000,1.410,1.315
0.000,1.410,1.315
0.000,1.386,1.315
0.000,1.386,1.315
0.000,1.386,1.315
0.000,1.386,1.315
0.000,1.386,1.315
0.000,1.386,1.315
0.000,1.386,1.292
0.000,1.386,1.292
0.000,1.386,1.315
0.000,1.386,1.315
0.000,1.386,1.315
0.000,1.386,1.315
0.000,1.386,1.315
0.000,1.386,1.315
0.000,1.386,1.315
0.000,1.386,1.315
0.000,1.410,1.315
0.000,1.410,1.315
0.000,1.362,1.315
0.000,1.362,1.315
0.000,1.386,1.315
0.000,1.386,1.315
0.000,1.386,1.315
0.000,1.386,1.292
0.000,1.386,1.315
0.000,1.386,1.315
0.000,1.386,1.315
0.000,1.386,1.315
0.000,1.566,1.539
0.000,1.566,1.539
0.000,1.566,1.566
0.000,1.566,1.539
0.000,1.566,1.539
0.000,1.566,1.566
0.000,1.566,1.539
0.000,1.566,1.539
0.000,1.566,1.566
0.000,1.566,1.566
0.000,1.566,1.566
0.000,1.566,1.566
0.000,1.566,1.566
0.000,1.566,1.566
0.000,1.566,1.566
0.000,1.566,1.566
0.000,1.566,1.566
0.000,1.566,1.539
0.000,1.566,1.539
0.000,1.566,1.566
0.000,1.566,1.566
0.000,1.566,1.539
0.000,1.566,1.539
0.000,1.566,1.539
0.000,1.566,1.539
0.000,1.566,1.539
0.000,1.566,1.539
0.000,1.566,1.539
0.000,1.566,1.539
0.000,1.566,1.539
0.000,1.566,1.539
0.000,1.566,1.539
0.000,1.566,1.539
0.000,1.566,1.539
0.000,1.566,1.539
0.000,1.566,1.539
0.000,1.566,1.539
0.000,1.566,1.539
0.000,1.566,1.539
0.000,1.566,1.539
0.000,1.566,1.539
0.000,1.566,1.539
0.000,1.566,1.539
0.000,1.566,1.539
0.000,1.566,1.539
0.000,1.566,1.539
0.000,1.539,1.460
0.000,1.539,1.460
0.000,1.710,1.362
0.000,1.710,1.362
0.000,1.539,1.362
0.000,1.539,1.362
0.000,1.899,1.710
0.000,1.899,1.710
0.000,2.557,1.899
0.000,2.890,2.146
0.000,2.890,2.146
0.688,3.503,2.602
0.688,3.503,2.602
0.688,3.824,3.628
0.688,3.824,3.628
0.688,4.801,4.476
0.700,5.332,5.820
0.700,5.332,5.820
0.700,7.306,8.258
0.713,8.704,10.188
0.713,8.704,10.188
0.725,11.719,11.120
0.725,13.017,12.569
0.725,13.017,12.569
0.725,15.506,15.237
0.725,15.506,15.237
0.738,17.527,13.480
0.738,17.527,13.480
0.738,18.151,13.718
0.738,18.151,13.718
0.725,17.836,13.247
0.725,17.836,13.247
0.725,16.342,11.516
0.713,14.207,9.335
0.713,14.207,9.335
0.700,13.017,7.836
0.700,13.017,7.836
0.700,12.351,5.922
0.688,11.316,4.173
0.688,11.316,4.173
0.688,9.667,4.555
0.688,9.667,4.555
0.688,7.180,4.801
0.688,7.180,4.801
0.688,5.820,4.322
0.688,5.820,4.322
0.688,3.443,3.503
0.000,2.343,2.343
0.000,2.343,2.343
0.000,2.146,1.651
0.000,2.146,1.651
0.000,2.072,1.770
0.000,2.037,1.770
0.000,2.037,1.770
0.000,2.001,1.740
0.000,2.001,1.740
0.000,2.072,1.710
0.000,2.072,1.710
0.000,1.932,1.740
0.000,1.834,1.740
0.000,1.834,1.740
0.000,1.932,1.740
0.000,1.932,1.740
0.000,2.109,1.802
0.000,2.109,1.802
0.000,2.469,1.802
0.000,2.469,1.802
0.000,3.210,1.834
0.000,3.210,1.834
0.000,4.247,1.932
0.000,4.247,1.932
0.000,4.972,2.072
0.000,5.059,2.146
0.000,5.059,2.146
0.000,4.555,2.037
0.000,4.555,2.037
0.000,4.173,1.966
0.000,3.757,1.866
0.000,3.757,1.866
0.000,3.443,1.834
0.000,3.443,1.834
0.000,3.046,1.770
0.000,3.046,1.770
0.000,2.791,1.770
0.000,2.840,1.740
0.000,2.840,1.740
0.000,2.557,1.770
0.000,2.557,1.770
0.000,2.384,1.899
0.000,2.384,1.899
0.000,2.262,2.146
0.000,2.262,2.146
0.000,2.343,2.426
0.000,2.343,2.426
0.000,2.343,2.695
0.000,2.302,2.840
0.000,2.302,2.840
0.000,2.223,3.210
0.000,2.223,3.210
0.000,2.343,3.443
0.000,2.343,3.443
0.000,2.602,3.267
0.000,2.602,3.267
0.688,2.890,3.267
0.688,2.890,3.267
0.000,3.046,2.941
0.000,3.046,2.941
0.688,3.046,2.890
0.000,3.099,2.890
0.000,3.099,2.890
0.000,2.993,2.742
0.000,2.993,2.742
0.000,2.993,2.384
0.000,2.993,2.384
0.000,2.890,2.001
0.000,2.890,2.001
0.000,2.648,1.899
0.000,2.648,1.899
0.000,2.695,2.037
0.000,2.695,2.184
0.000,2.695,2.184
0.000,2.695,2.223
0.000,2.695,2.223
0.000,2.602,2.302
0.000,2.648,2.426
0.000,2.648,2.426
0.000,2.648,2.262
0.000,2.648,2.262
0.000,2.648,2.223
0.000,2.648,2.223
0.000,2.648,2.302
0.000,2.695,2.469
0.000,2.695,2.469
0.000,2.791,2.469
0.000,3.154,2.695
0.000,3.154,2.695
0.688,3.324,3.154
0.688,3.324,3.154
0.688,3.824,4.322
0.688,3.824,4.322
0.688,4.322,5.619
0.688,4.322,5.619
0.700,6.027,6.578
0.700,7.567,8.404
0.700,7.567,8.404
0.713,9.838,10.188
0.713,9.838,10.188
0.725,13.247,11.516
0.725,13.247,11.516
0.725,15.780,11.516
0.725,15.780,11.516
0.725,16.630,13.480
0.725,16.630,13.480
0.725,17.223,12.351
0.725,17.223,12.351
0.738,18.151,14.458
0.738,18.151,14.458
0.725,18.151,13.961
0.725,18.151,13.961
0.725,17.223,13.017
0.725,16.630,11.516
0.725,16.630,11.516
0.725,16.058,8.704
0.713,15.780,5.922
0.713,15.780,5.922
0.700,14.713,3.891
0.700,14.713,3.891
0.700,13.718,2.840
0.688,10.368,2.184
0.688,10.368,2.184
0.688,6.242,1.651
0.688,6.242,1.651
0.000,3.757,1.512
0.000,2.742,1.512
0.000,2.742,1.512
0.000,2.993,1.651
0.000,2.993,1.651
0.000,4.476,1.680
0.000,4.476,1.680
0.000,5.059,1.594
0.000,5.149,1.740
0.000,5.149,1.740
0.000,5.149,1.740
0.000,5.149,1.740
0.000,5.332,1.710
0.000,5.332,1.710
0.000,5.522,1.770
0.688,5.619,1.866
0.688,5.619,1.866
0.000,5.922,1.866
0.000,5.922,1.866
0.688,7.180,2.001
0.688,7.180,2.001
0.688,9.667,3.046
0.688,9.667,3.046
0.688,11.316,4.101
0.688,11.316,4.101
0.688,11.516,4.555
0.688,11.516,4.555
0.688,11.316,3.503
0.688,11.316,3.503
0.688,10.368,3.154
0.688,10.368,3.154
0.688,8.704,2.742
0.688,8.704,2.742
0.688,6.933,2.302
0.000,5.240,2.037
0.000,5.240,2.037
0.000,4.173,1.899
0.000,4.173,1.899
0.000,3.628,1.834
0.000,3.628,1.834
0.000,3.210,1.710
0.000,3.210,1.710
0.000,2.742,1.740
0.000,2.742,1.740
0.000,2.302,1.651
0.688,2.184,1.740
0.688,2.184,1.740
0.000,2.037,1.899
0.000,2.037,1.899
0.000,1.770,2.302
0.000,1.770,2.302
0.000,1.566,2.941
0.000,1.566,3.383
0.000,1.566,3.383
0.688,1.680,3.824
0.688,1.680,3.824
0.000,1.680,4.173
0.000,1.680,4.173
0.688,1.651,5.332
0.688,1.899,5.426
0.688,1.899,5.426
0.688,1.899,4.555
0.688,1.899,4.555
0.000,2.072,4.173
0.000,2.072,4.173
0.688,2.384,3.503
0.688,2.384,3.503
0.000,2.557,3.154
0.000,2.557,3.154
0.000,2.557,3.154
0.000,2.648,3.154
0.000,2.648,3.154
0.000,2.648,2.941
0.000,2.648,2.941
0.000,2.602,2.695
0.000,2.602,2.695
0.000,2.648,2.742
0.000,2.648,2.742
0.000,2.384,2.941
0.000,2.426,3.046
0.000,2.426,3.046
0.688,2.557,3.154
0.688,2.557,3.154
0.000,2.469,3.267
0.688,2.512,3.503
0.688,2.469,3.503
0.688,2.426,3.628
0.688,2.840,4.635
0.700,4.476,5.922
0.713,7.306,9.014
0.738,11.719,9.335
0.751,14.713,11.516
0.764,15.237,11.926
0.764,15.237,11.926
0.764,14.973,11.120
0.764,14.973,11.120
0.764,15.780,10.737
0.764,15.780,10.737
0.751,14.713,9.667
0.738,14.458,8.115
0.738,14.458,8.115
0.725,14.207,6.694
0.725,14.207,6.694
0.713,13.961,5.149
0.713,13.480,3.824
0.713,13.480,3.824
0.700,12.791,2.512
0.700,12.791,2.512
0.700,12.569,1.966
0.700,12.569,1.966
0.688,11.120,2.037
0.688,11.120,2.037
0.688,7.836,1.680
0.688,5.149,1.740
0.688,5.149,1.740
0.000,4.030,1.386
0.000,4.030,1.386
0.688,3.565,1.315
0.000,3.099,1.460
0.000,3.099,1.460
0.000,3.154,1.486
0.000,3.154,1.486
0.000,3.210,1.512
0.000,3.324,1.512
0.000,3.324,1.512
0.000,3.154,1.486
0.000,3.154,1.486
0.000,2.890,1.566
0.000,2.890,1.566
0.000,2.791,1.594
0.000,2.557,1.594
0.000,2.557,1.594
0.000,2.557,1.410
0.000,2.557,1.410
0.000,2.512,1.435
0.000,2.602,1.460
0.000,2.602,1.460
0.000,2.602,1.460
0.000,2.557,1.512
0.000,2.557,1.512
0.000,2.146,1.539
0.000,2.146,1.539
0.000,1.651,1.539
0.000,1.651,1.539
0.000,1.226,1.512
0.000,1.226,1.512
0.000,1.104,1.410
0.000,1.104,1.410
0.000,1.143,1.435
0.000,1.143,1.435
0.000,1.184,1.410
0.000,1.184,1.410
0.000,1.226,1.486
0.000,1.226,1.486
0.000,1.248,1.410
0.000,1.248,1.410
0.000,1.248,1.410
0.000,1.248,1.410
0.000,1.270,1.460
0.000,1.270,1.460
0.000,1.315,1.460
0.000,1.315,1.460
0.000,1.292,1.435
0.000,1.292,1.435
0.000,1.315,1.460
0.000,1.315,1.460
0.000,1.315,1.486
0.000,1.315,1.486
0.000,1.338,1.460
0.000,1.338,1.460
0.000,1.338,1.460
0.000,1.338,1.460
0.000,1.338,1.460
0.000,1.338,1.460
0.000,1.362,1.486
0.000,1.362,1.486
0.000,1.338,1.486
0.000,1.338,1.486
0.000,1.362,1.512
0.000,1.362,1.512
0.000,1.362,1.512
0.000,1.362,1.512
0.000,1.338,1.512
0.000,1.338,1.512
0.000,1.338,1.486
0.000,1.338,1.486
0.000,1.338,1.512
0.000,1.338,1.512
0.000,1.338,1.460
0.000,1.338,1.460
0.000,1.338,1.460
0.000,1.338,1.460
0.000,1.338,1.486
0.000,1.338,1.486
0.000,1.338,1.486
0.000,1.338,1.460
0.000,1.338,1.460
0.000,1.338,1.486
0.000,1.338,1.486
0.000,1.338,1.486
0.000,1.338,1.486
0.000,1.338,1.512
0.000,1.338,1.512
0.000,1.338,1.512
0.000,1.338,1.512
0.000,1.362,1.539
0.000,1.362,1.539
0.000,1.362,1.539
0.000,1.362,1.539
0.000,1.338,1.566
0.000,1.338,1.566
0.000,1.362,1.594
0.000,1.362,1.594
0.000,1.362,1.594
0.000,1.362,1.594
0.000,1.362,1.566
0.000,1.386,1.594
0.000,1.386,1.594
0.000,1.362,1.594
0.000,1.362,1.594
0.000,1.362,1.594
0.000,1.362,1.594
0.000,1.362,1.594
0.000,1.362,1.594
0.000,1.362,1.594
0.000,1.362,1.594
0.000,1.386,1.566
0.000,1.386,1.566
0.000,1.386,1.566
0.000,1.386,1.566
0.000,1.386,1.594
0.000,1.386,1.594
0.000,1.386,1.594
0.000,1.386,1.594
0.000,1.386,1.594
0.000,1.386,1.594
0.000,1.386,1.566
0.000,1.386,1.566
0.000,1.386,1.566
0.000,1.386,1.566
0.000,1.386,1.594
0.000,1.386,1.594
0.000,1.386,1.566
0.000,1.386,1.566
0.000,1.386,1.566
0.000,1.386,1.566
0.000,1.386,1.566
0.000,1.386,1.566
0.000,1.386,1.594
0.000,1.386,1.594
0.688,3.443,4.173
0.688,3.503,4.322
0.688,3.383,4.398
0.000,3.324,4.476
0.688,3.383,4.398
0.688,3.324,4.555
0.000,3.324,4.398
0.688,3.383,4.398
0.688,3.383,4.398
0.688,3.443,4.322
0.000,3.383,4.322
0.688,3.443,4.398
0.000,3.443,4.322
0.688,3.443,4.322
0.688,3.443,4.322
0.688,3.443,4.322
0.688,3.443,4.398
0.688,3.443,4.398
0.688,3.443,4.398
0.688,3.443,4.398
0.688,3.503,4.322
0.688,3.503,4.322
0.000,3.443,4.322
0.000,3.443,4.322
0.000,3.443,4.322
0.000,3.443,4.322
0.688,3.503,4.322
0.688,3.503,4.322
0.688,3.503,4.322
0.688,3.503,4.322
0.688,3.383,4.322
0.688,3.443,4.322
0.688,3.443,4.322
0.688,3.503,4.322
0.688,3.503,4.322
0.000,3.443,4.322
0.688,3.503,4.322
0.688,3.503,4.322
0.688,3.503,4.322
0.688,3.503,4.322
0.688,3.443,4.322
0.688,3.443,4.322
0.688,3.503,4.247
0.688,3.503,4.247
0.000,3.443,4.322
0.000,3.443,4.322
0.688,3.443,4.322
0.688,3.443,4.322
0.688,3.443,4.322
0.688,3.383,4.322
0.688,3.383,4.322
0.688,3.443,4.322
0.688,3.443,4.322
0.000,3.443,4.322
0.688,3.443,4.322
0.688,3.443,4.322
0.688,3.383,4.322
0.688,3.383,4.322
0.688,3.443,4.322
0.688,3.383,4.322
0.688,3.383,4.322
0.688,3.383,4.322
0.688,3.383,4.247
0.688,3.383,4.247
0.688,3.383,4.247
0.000,3.383,4.247
0.000,3.383,4.247
0.688,3.383,4.173
0.688,3.383,4.173
0.688,3.503,4.030
0.688,3.503,4.030
0.000,3.324,3.891
0.000,3.324,3.891
0.000,3.154,3.628
0.000,3.154,3.628
0.000,2.941,3.503
0.000,2.742,3.324
0.000,2.742,3.324
0.000,2.469,3.154
0.688,2.302,3.210
0.688,2.302,3.210
0.000,2.184,3.154
0.000,2.184,3.154
0.000,2.072,3.154
0.000,2.072,3.154
0.000,1.966,3.154
0.000,1.966,3.154
0.000,1.966,3.324
0.000,1.866,3.565
0.000,1.866,3.565
0.000,1.899,3.757
0.000,1.899,3.757
0.000,1.932,3.891
0.000,1.932,3.891
0.000,2.072,4.101
0.000,2.072,4.101
0.000,2.223,4.030
0.000,2.223,4.030
0.000,2.469,4.476
0.000,2.469,4.476
0.688,2.993,4.801
0.688,2.993,4.801
0.688,3.383,4.972
0.688,3.383,4.972
0.688,4.173,6.464
0.688,5.426,7.974
0.688,5.426,7.974
0.700,6.352,11.719
0.700,6.352,11.719
0.700,8.404,14.207
0.700,8.404,14.207
0.713,10.368,17.223
0.713,11.316,18.798
0.713,11.316,18.798
0.725,13.480,20.879
0.725,13.480,20.879
0.725,14.973,22.393
0.725,14.973,22.393
0.725,14.973,22.393
0.725,16.630,27.625
0.725,17.836,26.212
0.725,17.836,26.212
0.713,17.527,25.311
0.713,16.630,23.190
0.713,16.630,23.190
0.700,15.237,17.527
0.700,15.237,17.527
0.700,13.017,12.351
0.700,13.017,12.351
0.688,12.351,7.836
0.688,12.351,7.836
0.688,12.137,7.306
0.688,12.137,7.306
0.688,11.516,7.180
0.688,11.516,7.180
0.688,7.306,8.704
0.688,7.306,8.704
0.688,3.757,7.836
0.688,3.757,7.836
0.000,2.426,5.820
0.000,2.426,5.820
0.000,2.001,3.757
0.000,1.512,2.791
0.000,1.512,2.791
0.000,1.315,2.072
0.000,1.315,2.072
0.000,1.386,1.802
0.000,1.386,1.802
0.000,1.740,1.622
0.000,1.740,1.622
0.000,2.184,1.386
0.000,2.742,1.486
0.000,2.742,1.486
0.000,2.890,1.802
0.000,3.046,2.037
0.000,3.046,2.037
0.000,3.383,2.223
0.000,3.565,2.512
0.000,3.824,2.742
0.000,3.824,2.742
0.000,3.443,2.557
0.000,3.324,2.262
0.000,3.324,2.262
0.000,3.154,2.146
0.000,3.692,2.109
0.000,3.692,2.109
0.000,3.692,2.001
0.000,3.267,2.072
0.000,3.267,2.072
0.000,3.154,2.001
0.000,3.154,2.001
0.000,2.742,1.622
0.000,2.426,1.802
0.000,1.802,1.651
0.000,1.460,2.184
0.000,1.460,2.184
0.000,1.539,2.343
0.000,1.539,2.343
0.000,1.594,3.210
0.000,1.834,4.173
0.000,1.834,4.173
0.000,2.146,4.101
0.000,2.109,4.476
0.000,2.109,4.476
0.000,2.648,4.476
0.000,2.648,4.476
0.000,2.343,4.635
0.000,2.262,3.757
0.000,2.262,3.757
0.000,2.469,3.628
0.000,2.302,3.960
0.000,2.223,3.628
0.000,2.223,3.628
0.000,2.184,3.692
0.000,2.037,3.824
0.000,2.037,3.824
0.000,1.932,4.322
0.000,1.932,4.322
0.000,1.770,4.398
0.000,1.651,4.398
0.000,1.651,4.398
0.000,1.539,4.635
0.000,1.460,4.635
0.000,1.460,4.635
0.000,1.435,4.555
0.000,1.539,4.322
0.000,1.539,4.322
0.000,1.680,4.030
0.000,1.680,4.030
0.688,1.740,4.247
0.688,1.740,4.247
0.000,1.740,4.322
0.000,1.866,4.322
0.000,1.866,4.322
0.000,1.966,4.635
0.000,2.146,5.149
0.000,2.146,5.149
0.688,2.469,5.922
0.688,2.469,5.922
0.688,2.890,6.578
0.688,3.503,7.567
0.688,5.149,10.368
0.688,5.149,10.368
0.700,6.133,12.569
0.713,8.404,14.713
0.713,8.404,14.713
0.725,10.368,19.130
0.725,10.368,19.130
0.738,12.137,20.161
0.725,13.017,20.879
0.738,13.480,21.247
0.738,13.480,21.247
0.725,15.237,22.393
0.725,15.237,22.393
0.725,15.237,21.247
0.713,14.713,18.472
0.713,14.713,18.472
0.713,15.237,15.780
0.713,15.237,15.780
0.700,14.713,12.569
0.700,15.237,9.173
0.700,15.237,9.173
0.700,14.713,10.927
0.700,12.137,8.553
0.700,12.137,8.553
0.688,8.115,8.857
0.688,8.115,8.857
0.688,4.972,6.027
0.000,2.890,4.476
0.000,2.890,4.476
0.000,2.557,4.885
0.000,3.046,4.717
0.000,3.046,4.717
0.000,3.154,4.717
0.000,3.267,4.717
0.000,3.267,4.717
0.000,3.267,4.555
0.688,3.503,4.476
0.688,3.503,4.476
0.000,3.154,4.173
0.000,3.324,4.101
0.000,3.324,4.101
0.000,3.503,4.030
0.688,3.824,3.628
0.688,3.824,3.628
0.000,3.824,3.565
0.000,3.824,3.565
0.000,3.324,3.210
0.000,2.890,2.791
0.000,2.890,2.791
0.000,2.890,2.469
0.000,2.890,2.343
0.000,2.890,2.343
0.000,2.648,2.512
0.000,2.384,2.384
0.000,2.384,2.384
0.000,2.469,2.343
0.000,2.469,2.343
0.000,2.146,2.146
0.000,2.037,2.469
0.000,2.037,2.469
0.000,2.072,2.695
0.000,2.072,2.695
0.000,2.302,2.993
0.000,2.262,3.099
0.000,2.262,3.099
0.000,2.223,3.324
0.000,2.223,3.324
0.000,2.184,4.173
0.000,2.146,4.398
0.000,2.146,4.398
0.688,2.223,4.801
0.688,2.223,4.801
0.688,2.262,5.922
0.688,2.384,6.812
0.688,2.384,6.812
0.688,2.512,7.700
0.688,2.742,7.700
0.688,2.742,7.700
0.688,2.695,6.578
0.688,3.046,6.694
0.688,3.046,6.694
0.688,2.993,6.027
0.000,2.469,4.476
0.000,2.469,4.476
0.000,2.695,4.173
0.000,2.742,3.628
0.000,2.742,3.628
0.000,2.557,3.503
0.000,2.557,3.503
0.000,2.343,3.565
0.000,2.146,3.628
0.000,2.146,3.628
0.688,1.899,3.692
0.688,1.899,3.692
0.000,1.651,3.628
0.000,1.460,4.476
0.000,1.460,4.476
0.000,1.292,4.173
0.000,1.226,3.891
0.000,1.226,3.891
0.000,1.226,3.824
0.000,1.270,3.757
0.000,1.270,3.757
0.000,1.362,4.173
0.000,1.362,4.173
0.000,1.486,4.322
0.000,1.566,4.635
0.000,1.566,4.635
0.000,1.932,4.972
0.688,2.426,6.578
0.688,3.628,7.567
0.688,3.628,7.567
0.688,4.101,7.974
0.688,4.101,7.974
0.688,4.322,7.836
0.688,4.322,7.836
0.700,4.322,7.836
0.700,4.717,9.499
0.700,4.717,9.499
0.700,5.332,11.516
0.700,5.332,11.516
0.713,6.027,14.973
0.713,6.812,15.237
0.713,6.812,15.237
0.713,7.435,14.458
0.725,8.857,15.506
0.725,8.857,15.506
0.725,13.961,22.788
0.764,18.151,23.600
0.778,20.161,23.190
0.700,13.480,13.961
0.700,13.718,10.927
0.700,19.467,11.926
0.700,19.467,11.926
0.713,20.161,13.961
0.700,16.924,11.516
0.700,16.924,11.516
0.688,10.011,6.694
0.688,5.619,4.885
0.688,5.619,4.885
0.688,5.149,4.101
0.688,5.149,4.101
0.688,3.960,3.267
0.000,3.267,3.267
0.000,3.267,3.267
0.000,2.742,3.154
0.000,2.742,3.154
0.000,2.223,3.046
0.000,2.223,3.046
0.000,2.072,2.602
0.000,2.072,2.602
0.000,2.037,2.557
0.000,2.037,2.557
0.000,1.932,2.384
0.000,1.770,2.109
0.000,1.770,2.109
0.000,1.435,1.899
0.000,1.435,1.899
0.000,1.184,1.315
0.000,1.184,1.315
0.000,1.123,1.066
0.000,1.205,0.977
0.000,1.205,0.977
0.000,1.270,1.085
0.000,1.270,1.085
0.000,1.226,1.315
0.000,1.270,1.566
0.000,1.270,1.566
0.000,1.292,1.460
0.000,1.292,1.460
0.000,1.292,1.512
0.000,1.292,1.512
0.000,1.315,1.435
0.000,1.315,1.435
0.000,1.362,1.386
0.000,1.362,1.386
0.000,1.362,1.435
0.000,1.362,1.435
0.000,1.362,1.435
0.000,1.338,1.512
0.000,1.338,1.512
0.000,1.410,1.486
0.000,1.410,1.486
0.000,1.460,1.435
0.000,1.460,1.435
0.000,1.512,1.460
0.000,1.512,1.460
0.000,1.435,1.460
0.000,1.435,1.460
0.000,1.512,1.410
0.000,1.539,1.512
0.000,1.539,1.512
0.000,1.566,1.512
0.000,1.566,1.512
0.000,1.680,1.539
0.000,1.680,1.539
0.000,1.680,1.680
0.000,1.680,1.680
0.000,1.622,1.292
0.000,1.622,1.292
0.000,1.740,1.315
0.000,1.740,1.315
0.000,1.566,1.270
0.000,1.566,1.270
0.000,1.410,1.270
0.000,1.410,1.270
0.000,1.315,1.315
0.000,1.460,1.410
0.000,1.460,1.410
0.000,1.315,1.270
0.000,1.362,1.315
0.000,1.362,1.315
0.000,1.362,1.315
0.000,1.362,1.315
0.000,1.386,1.362
0.000,1.410,1.338
0.000,1.410,1.338
0.000,1.386,1.362
0.000,1.386,1.362
0.000,1.386,1.362
0.000,1.386,1.362
0.000,1.410,1.362
0.000,1.435,1.362
0.000,1.435,1.362
0.000,1.435,1.362
0.000,1.460,1.386
0.000,1.460,1.362
0.000,1.460,1.362
0.000,1.460,1.362
0.000,1.460,1.362
0.000,1.460,1.362
0.000,1.460,1.362
0.000,1.435,1.362
0.000,1.435,1.362
0.000,1.460,1.362
0.000,1.486,1.386
0.000,1.486,1.386
0.000,1.486,1.386
0.000,1.486,1.386
0.000,1.486,1.410
0.000,1.486,1.410
0.000,1.486,1.410
0.000,1.486,1.410
0.000,1.486,1.410
0.000,1.460,1.410
0.000,1.460,1.410
0.000,1.460,1.410
0.000,1.486,1.435
0.000,1.486,1.435
0.000,1.486,1.410
0.000,1.512,1.410
0.000,1.512,1.410
0.000,1.539,1.410
0.000,1.539,1.410
0.000,1.512,1.435
0.000,2.791,2.993
0.000,2.840,2.941
0.000,2.840,2.941
0.000,2.840,2.941
0.000,2.791,2.941
0.000,2.840,2.941
0.000,2.840,2.941
0.000,2.840,2.993
0.000,2.840,2.993
0.000,2.840,2.941
0.000,2.840,2.993
0.000,2.840,2.941
0.000,2.840,2.993
0.000,2.840,2.993
0.000,2.840,2.941
0.000,2.840,2.993
0.000,2.791,2.993
0.000,2.791,2.941
0.000,2.791,2.941
0.000,2.791,2.941
0.000,2.791,2.941
0.000,2.840,2.941
0.000,2.840,2.941
0.000,2.791,2.941
0.000,2.791,2.993
0.000,2.791,2.993
0.700,2.840,2.993
0.700,2.840,2.993
0.000,2.791,2.941
0.000,2.791,2.941
0.000,2.791,2.993
0.000,2.791,2.941
0.000,2.791,2.941
0.000,2.791,2.941
0.000,2.791,2.941
0.000,2.791,2.993
0.000,2.791,2.941
0.000,2.791,2.941
0.000,2.648,2.941
0.000,2.037,2.557
0.000,2.037,2.557
0.000,3.383,4.247
0.688,6.812,8.404
0.688,6.812,8.404
0.688,12.351,13.718
0.688,12.351,13.718
0.700,19.130,16.924
0.700,24.440,19.467
0.700,24.440,19.467
0.700,27.625,20.161
0.700,27.625,20.161
0.700,28.113,22.393
0.700,28.113,22.393
0.700,29.114,21.622
0.700,29.114,21.622
0.700,21.247,17.836
0.700,10.011,12.569
0.700,10.011,12.569
0.688,3.960,7.974
0.688,3.960,7.974
0.000,1.899,3.692
0.000,1.362,2.146
0.000,1.362,2.146
0.000,1.435,1.740
0.000,1.435,1.740
0.000,1.460,1.680
0.000,1.460,1.680
0.000,1.362,1.710
0.000,1.539,1.740
0.000,1.539,1.740
0.000,2.695,2.109
0.000,2.695,2.109
0.688,5.619,3.628
0.688,12.137,6.352
0.688,12.137,6.352
0.700,18.151,9.335
0.700,18.151,9.335
0.700,22.788,11.719
0.700,22.788,11.719
0.700,24.440,13.017
0.700,26.212,13.961
0.700,26.212,13.961
0.700,20.161,11.719
0.688,6.578,7.435
0.000,2.557,3.383
0.000,2.557,3.383
0.000,1.710,2.109
0.000,1.512,1.651
0.000,1.512,1.651
0.000,1.512,1.594
0.000,2.223,1.932
0.688,5.426,4.717
0.688,5.426,4.717
0.700,20.879,16.342
0.700,20.879,16.342
0.700,25.311,17.836
0.700,22.393,13.017
0.688,9.667,6.694
0.688,9.667,6.694
0.688,3.891,3.628
0.688,3.891,3.628
0.000,2.262,2.072
0.000,1.512,1.594
0.000,1.512,1.594
0.000,1.435,1.680
0.000,1.435,1.680
0.000,1.460,1.680
0.000,1.486,1.834
0.000,1.486,1.834
0.000,1.486,1.932
0.000,1.566,1.770
0.000,1.512,1.680
0.000,1.512,1.680
0.000,1.539,1.680
0.000,1.539,1.680
0.000,1.566,1.680
0.000,1.566,1.680
0.000,1.512,1.651
0.000,1.539,1.680
0.000,1.539,1.680
0.000,1.566,1.680
0.000,1.566,1.680
0.000,1.566,1.680
0.000,1.566,1.680
0.000,1.566,1.680
0.000,1.566,1.680
0.000,1.566,1.680
0.000,1.966,2.072
0.000,1.966,2.072
0.000,1.966,2.072
0.000,1.966,2.072
0.000,1.932,2.072
0.000,1.966,2.072
0.000,1.932,2.072
0.000,1.966,2.072
0.000,1.966,2.072
0.000,1.966,2.072
0.000,2.001,2.072
0.000,2.001,2.072
0.000,1.966,2.072
0.000,1.966,2.072
0.000,1.932,2.109
0.000,2.001,2.072
0.000,1.966,2.072
0.000,1.966,2.072
0.000,1.966,2.072
0.000,1.966,2.072
0.000,1.966,2.072
0.000,1.966,2.072
0.000,1.966,2.072
0.000,1.966,2.072
0.000,1.966,2.072
0.000,1.966,2.072
0.000,1.966,2.072
0.000,1.966,2.072
0.700,1.966,2.072
0.700,1.966,2.072
0.000,1.932,2.072
0.000,1.932,2.072
0.000,1.966,2.072
0.000,1.966,2.072
0.000,1.966,2.109
0.000,1.966,2.109
0.000,2.001,2.072
0.000,2.001,2.072
0.000,1.966,2.072
0.000,1.966,2.072
0.000,1.966,2.072
0.000,1.966,2.072
0.000,1.966,2.109
0.000,1.966,2.109
0.000,1.966,2.109
0.000,1.966,2.072
0.000,1.966,2.072
0.000,1.966,2.072
0.000,1.966,2.072
0.000,1.966,2.072
0.000,1.966,2.072
0.000,1.740,2.001
0.000,1.740,2.001
0.000,1.866,1.802
0.000,1.866,1.802
0.000,1.512,1.866
0.000,1.512,1.866
0.000,1.594,1.740
0.000,1.740,1.680
0.000,1.740,1.680
0.000,1.740,1.680
0.000,1.680,2.001
0.000,1.899,2.302
0.000,1.899,2.302
0.000,2.469,3.046
0.000,2.469,3.046
0.688,4.322,4.885
0.688,4.322,4.885
0.688,5.240,6.352
0.688,5.240,6.352
0.688,6.933,8.404
0.688,6.933,8.404
0.688,7.567,10.368
0.688,7.567,10.368
0.700,7.700,12.351
0.700,7.700,12.351
0.700,9.173,15.237
0.700,9.173,15.237
0.700,10.011,15.780
0.700,10.011,15.780
0.700,10.927,20.879
0.700,10.927,20.879
0.700,11.926,23.600
0.700,11.926,23.600
0.713,14.458,22.004
0.713,14.458,22.004
0.713,16.924,23.190
0.725,18.472,28.609
0.725,18.472,28.609
0.725,19.811,20.879
0.725,19.811,20.879
0.713,20.879,26.675
0.713,20.879,26.675
0.713,21.247,26.675
0.713,21.247,26.675
0.713,21.622,25.311
0.713,21.622,25.311
0.700,20.517,20.161
0.700,18.798,16.924
0.700,18.798,16.924
0.688,11.926,8.404
0.688,11.926,8.404
0.688,7.836,3.824
0.000,4.972,2.840
0.000,4.972,2.840
0.000,2.840,2.302
0.000,2.840,2.302
0.000,1.512,1.932
0.000,1.512,1.932
0.000,1.184,1.740
0.000,1.184,1.740
0.000,1.292,1.539
0.000,1.292,1.539
0.000,1.435,1.512
0.000,1.680,1.710
0.000,1.680,1.710
0.000,1.651,1.899
0.000,1.651,1.899
0.000,1.680,1.966
0.000,1.680,1.966
0.000,1.770,1.932
0.000,1.770,1.932
0.000,1.866,1.966
0.000,1.866,2.037
0.000,1.866,2.037
0.000,1.866,2.072
0.000,1.866,2.072
0.000,1.866,2.109
0.000,1.866,2.109
0.000,1.932,2.384
0.000,1.932,2.384
0.000,2.037,2.512
0.000,2.037,2.512
0.000,2.223,2.426
0.000,2.223,2.426
0.000,2.384,2.512
0.000,2.384,2.512
0.000,2.648,2.426
0.000,2.648,2.426
0.000,2.890,2.384
0.000,2.890,2.384
0.000,3.154,2.223
0.000,3.503,2.109
0.000,3.503,2.109
0.000,3.324,2.037
0.000,3.324,2.037
0.000,3.099,1.899
0.000,3.099,1.899
0.000,3.099,1.899
0.000,3.046,1.802
0.000,3.046,1.802
0.000,2.648,1.899
0.000,2.302,1.932
0.000,2.302,1.932
0.000,2.001,2.072
0.000,2.001,2.072
0.000,2.146,2.302
0.000,2.146,2.302
0.000,2.109,2.512
0.000,2.109,2.512
0.000,2.223,3.383
0.000,2.223,3.383
0.688,2.343,3.692
0.000,2.512,3.891
0.000,2.512,3.891
0.000,2.890,3.692
0.000,2.890,3.692
0.688,2.993,3.210
0.688,2.993,3.210
0.000,3.210,2.695
0.000,3.154,2.223
0.000,3.154,2.223
0.000,2.993,2.109
0.000,2.993,2.109
0.000,2.742,2.037
0.000,2.742,2.037
0.000,2.512,2.146
0.000,2.512,2.146
0.000,2.343,2.037
0.000,2.343,2.037
0.000,2.223,1.932
0.000,2.302,2.001
0.000,2.302,2.001
0.000,2.109,2.262
0.000,2.109,2.262
0.000,2.109,2.602
0.000,2.109,2.602
0.000,2.384,2.695
0.000,2.384,2.648
0.000,2.384,2.648
0.000,2.223,2.840
0.000,2.223,2.840
0.000,2.223,3.099
0.000,2.223,3.099
0.000,2.302,3.210
0.000,2.302,3.210
0.000,2.384,3.383
0.000,2.384,3.383
0.000,2.557,3.824
0.688,3.443,4.801
0.688,3.443,4.801
0.688,3.692,4.635
0.688,3.692,4.635
0.688,4.101,5.426
0.688,4.476,5.922
0.688,4.476,5.922
0.688,4.555,6.352
0.688,4.555,6.352
0.688,4.322,6.242
0.688,4.635,7.306
0.688,4.635,7.306
0.688,4.801,8.857
0.688,4.801,8.857
0.688,7.567,12.351
0.688,7.567,12.351
0.700,10.188,14.207
0.700,10.188,14.207
0.700,13.017,14.713
0.700,14.713,15.506
0.700,14.713,15.506
0.713,19.467,16.342
0.713,19.467,16.342
0.725,20.161,16.924
0.725,20.161,16.924
0.725,21.622,17.527
0.725,21.622,17.527
0.725,23.190,16.924
0.725,23.190,16.924
0.713,22.004,16.924
0.700,21.247,13.961
0.700,21.247,13.961
0.700,19.467,9.838
0.700,19.467,9.838
0.700,19.130,8.704
0.700,19.130,8.704
0.700,17.836,8.115
0.688,10.551,7.306
0.688,10.551,7.306
0.688,6.578,6.027
0.688,6.578,6.027
0.000,2.941,4.801
0.000,2.941,4.801
0.000,2.001,3.757
0.000,2.001,3.757
0.000,1.834,3.046
0.000,1.834,3.046
0.000,1.899,2.890
0.000,1.899,2.890
0.000,2.302,3.324
0.000,2.993,3.628
0.000,2.993,3.628
0.000,3.891,3.757
0.000,3.891,3.757
0.000,4.476,3.891
0.000,4.476,3.891
0.688,4.885,3.960
0.688,4.885,3.960
0.688,5.332,3.692
0.688,5.332,3.692
0.688,5.922,4.030
0.688,5.922,4.030
0.688,7.435,4.322
0.688,7.435,4.322
0.688,8.404,4.555
0.688,7.836,4.476
0.688,7.836,4.476
0.688,5.922,4.030
0.688,5.922,4.030
0.688,5.149,3.503
0.688,5.149,3.503
0.000,4.247,2.602
0.000,4.247,2.602
0.000,3.503,2.302
0.000,2.648,2.223
0.000,2.648,2.223
0.000,2.037,2.184
0.000,2.037,2.184
0.000,1.740,2.262
0.000,1.740,2.262
0.000,1.512,2.557
0.000,1.486,3.046
0.000,1.486,3.046
0.000,1.566,3.503
0.000,1.566,3.503
0.000,1.740,4.398
0.000,1.740,4.398
0.688,2.001,3.757
0.688,2.001,3.757
0.000,2.146,2.941
0.000,2.146,2.223
0.000,2.146,2.223
0.000,1.512,1.966
0.000,1.512,1.966
0.000,1.205,1.410
0.000,1.205,1.410
0.000,1.512,1.292
0.000,1.512,1.292
0.000,1.866,1.386
0.000,1.866,1.386
0.000,1.770,1.512
0.000,1.770,1.512
0.000,1.622,1.566
0.000,1.622,1.566
0.000,1.740,1.566
0.000,1.802,1.651
0.000,1.802,1.651
0.000,1.710,1.566
0.000,1.710,1.566
0.000,1.410,1.248
0.000,1.410,1.248
0.000,1.594,1.486
0.000,1.594,1.486
0.000,1.338,1.594
0.000,1.338,1.594
0.000,1.226,1.622
0.000,1.486,1.594
0.000,1.486,1.594
0.000,1.866,1.594
0.000,1.866,1.594
0.000,2.146,1.594
0.000,2.146,1.594
0.000,2.941,1.710
0.000,2.941,1.710
0.000,3.503,1.866
0.688,4.247,2.223
0.688,4.247,2.223
0.688,4.398,2.648
0.688,4.398,2.648
0.688,4.322,3.267
0.688,4.322,3.267
0.688,5.149,3.692
0.688,5.149,3.692
0.688,5.522,4.101
0.700,5.522,5.059
0.700,5.522,5.059
0.700,8.115,5.059
0.713,10.927,5.522
0.713,10.927,5.522
0.713,16.058,4.717
0.713,16.058,4.717
0.725,19.811,5.240
0.738,18.798,5.426
0.725,19.130,3.565
0.700,17.527,2.890
0.700,17.527,2.890
0.700,16.342,3.503
0.688,10.551,4.635
0.688,10.551,4.635
0.000,2.469,3.503
0.000,1.270,1.362
0.000,1.270,1.362
0.000,1.362,1.226
0.000,1.338,1.104
0.000,1.338,1.566
0.000,1.338,1.566
0.000,1.410,1.680
0.000,1.460,1.460
0.000,1.460,1.460
0.000,1.622,1.566
0.000,1.622,1.566
0.000,2.037,1.680
0.000,2.648,1.899
0.000,2.648,1.899
0.000,2.742,2.072
0.000,2.695,2.146
0.000,2.695,2.146
0.000,2.557,2.184
0.000,2.557,2.184
0.000,2.695,2.302
0.000,2.840,2.262
0.000,2.840,2.262
0.000,2.840,2.184
0.000,2.840,2.184
0.000,2.840,2.262
0.000,2.890,2.262
0.000,2.890,2.262
0.000,2.890,2.302
0.000,2.890,2.262
0.000,2.890,2.262
0.000,2.840,2.262
0.000,2.557,2.146
0.000,2.557,2.146
0.000,2.223,2.001
0.000,2.223,2.001
0.000,1.966,1.834
0.000,1.966,1.834
0.000,1.802,1.710
0.000,1.802,1.710
0.000,1.866,1.651
0.000,1.866,1.651
0.000,1.932,1.594
0.000,1.932,1.594
0.000,2.001,1.539
0.000,2.223,1.512
0.000,2.223,1.512
0.000,2.109,1.622
0.000,1.740,1.680
0.000,1.740,1.680
0.000,1.512,1.710
0.000,1.512,1.710
0.000,1.594,1.834
0.000,1.680,2.109
0.000,1.680,2.109
0.000,1.770,2.343
0.000,1.770,2.343
0.000,1.966,2.791
0.000,1.966,2.791
0.000,1.966,2.791
0.000,2.384,3.210
0.000,2.742,3.383
0.000,2.742,3.383
0.000,3.324,3.099
0.000,3.324,3.099
0.000,3.099,2.602
0.000,3.099,2.602
0.000,2.890,2.302
0.000,2.890,2.302
0.000,2.184,1.594
0.000,2.184,1.594
0.000,2.072,1.651
0.000,1.710,1.486
0.000,1.710,1.486
0.000,1.651,1.386
0.000,1.651,1.386
0.000,1.386,1.512
0.000,1.386,1.512
0.000,1.184,1.539
0.000,1.315,1.802
0.000,1.315,1.802
0.000,1.315,1.802
0.000,1.539,2.072
0.000,1.486,2.037
0.000,1.486,2.037
0.000,1.435,1.899
0.000,1.435,1.899
0.000,1.512,1.899
0.000,1.512,1.899
0.000,1.594,1.932
0.000,1.594,1.932
0.000,1.802,2.072
0.000,1.802,2.072
0.000,1.770,2.072
0.000,1.770,2.072
0.000,1.802,2.037
0.000,1.802,2.037
0.000,1.899,2.037
0.000,1.966,1.932
0.000,1.966,1.932
0.000,1.932,1.802
0.000,1.932,1.802
0.000,1.802,1.651
0.000,1.802,1.651
0.000,1.802,1.566
0.000,1.802,1.566
0.000,1.802,1.622
0.000,1.802,1.622
0.000,1.834,1.566
0.000,1.802,1.539
0.000,1.802,1.539
0.000,1.866,1.566
0.000,1.866,1.566
0.000,1.866,1.622
0.000,1.866,1.680
0.000,1.866,1.680
0.000,1.966,1.651
0.000,2.037,1.651
0.000,2.037,1.651
0.000,2.001,1.740
0.000,2.001,1.740
0.000,2.109,1.770
0.000,2.109,1.770
0.000,2.072,1.740
0.000,2.072,1.740
0.000,2.146,1.740
0.000,2.146,1.740
0.000,2.109,1.770
0.000,2.109,1.770
0.000,2.109,1.770
0.000,2.109,1.770
0.000,2.109,1.770
0.000,2.072,1.770
0.000,2.072,1.770
0.000,2.001,1.802
0.000,2.001,1.802
0.000,2.037,1.802
0.000,2.037,1.802
0.000,2.072,1.802
0.000,2.072,1.802
0.000,2.072,1.802
0.000,2.072,1.802
0.000,2.072,1.802
0.000,2.072,1.802
0.000,2.109,1.802
0.000,2.109,1.802
0.000,2.109,1.802
0.000,2.037,1.770
0.000,2.072,1.740
0.000,2.001,1.770
0.000,2.001,1.770
0.000,2.037,1.770
0.000,2.037,1.740
0.000,2.001,1.622
0.000,1.966,1.680
0.000,1.932,1.802
0.000,1.866,1.710
0.000,1.834,1.566
0.000,1.834,1.566
0.000,1.834,1.566
0.000,1.866,1.622
0.000,1.899,1.594
0.000,1.866,1.770
0.000,1.802,2.037
0.000,1.680,2.512
0.000,1.710,2.791
0.000,1.932,3.099
0.000,2.384,3.565
0.000,3.503,4.717
0.000,4.476,6.027
0.000,4.476,6.027
0.000,4.801,7.055
0.688,5.922,9.335
0.688,5.922,9.335
0.688,6.464,9.667
0.700,10.011,13.247
0.713,12.791,21.622
0.713,13.247,18.798
0.713,13.247,18.798
0.725,14.207,19.467
0.725,14.207,19.467
0.725,14.207,20.161
0.725,14.207,20.161
0.700,10.551,9.667
0.700,10.551,9.667
0.700,9.173,5.619
0.700,9.173,5.619
0.688,10.011,2.469
0.688,8.704,2.146
0.000,7.055,2.262
0.000,7.055,2.262
0.000,4.635,2.343
0.000,4.635,2.343
0.000,3.324,2.742
0.000,3.324,2.742
0.000,2.993,2.695
0.000,2.993,2.695
0.000,3.046,3.046
0.000,3.046,3.046
0.000,3.210,2.890
0.000,3.324,2.840
0.000,3.324,2.840
0.000,3.210,2.941
0.000,3.210,2.941
0.000,2.557,2.993
0.000,2.695,2.890
0.000,2.695,2.890
0.000,3.503,2.993
0.688,4.476,3.210
0.688,4.476,3.210
0.000,5.522,3.267
0.000,5.522,3.267
0.688,7.567,3.628
0.688,7.567,3.628
0.000,7.836,3.757
0.688,8.115,3.503
0.688,8.115,3.503
0.688,8.258,3.443
0.688,8.258,3.443
0.688,7.055,3.210
0.688,6.133,3.099
0.688,6.133,3.099
0.000,5.332,2.993
0.000,4.247,2.993
0.000,4.247,2.993
0.000,3.383,2.941
0.000,3.383,2.941
0.000,2.426,3.267
0.000,1.966,3.267
0.000,1.966,3.267
0.000,1.802,3.692
0.000,1.802,3.692
0.000,1.932,4.173
0.000,1.932,4.173
0.688,1.932,4.717
0.000,1.966,4.885
0.000,1.966,4.885
0.000,1.866,4.801
0.000,1.866,4.801
0.000,2.146,5.922
0.000,2.072,6.133
0.000,2.072,6.133
0.000,2.146,5.522
0.000,2.146,5.522
0.000,2.469,4.972
0.000,2.469,4.972
0.000,2.742,4.972
0.000,2.602,4.476
0.000,2.602,4.476
0.000,2.557,4.635
0.000,2.557,4.635
0.000,2.791,4.801
0.000,2.695,4.801
0.000,2.695,4.801
0.000,2.648,4.801
0.688,2.648,4.885
0.688,2.648,4.885
0.000,2.840,4.972
0.000,2.890,5.149
0.000,2.890,5.149
0.000,2.695,5.059
0.000,2.695,5.059
0.688,2.302,5.149
0.000,2.146,5.059
0.000,2.146,5.059
0.688,2.146,5.619
0.688,2.146,5.619
0.000,2.426,6.242
0.000,2.426,6.242
0.688,2.557,6.694
0.688,2.343,6.933
0.688,2.343,6.933
0.688,2.469,7.974
0.688,3.099,8.704
0.688,3.099,8.704
0.688,3.628,9.499
0.688,3.628,9.499
0.700,4.972,10.368
0.700,6.578,12.351
0.700,6.578,12.351
0.700,8.553,14.973
0.700,8.553,14.973
0.713,10.011,17.527
0.713,10.368,16.924
0.713,10.368,16.924
0.725,10.188,18.151
0.725,10.188,18.151
0.725,11.316,18.798
0.725,11.316,18.798
0.725,13.718,18.472
0.725,15.237,16.342
0.725,15.237,16.342
0.713,16.924,15.780
0.713,17.527,15.780
0.713,17.527,15.780
0.713,18.151,14.973
0.713,18.151,14.973
0.700,17.527,11.120
0.700,17.527,7.435
0.700,17.527,7.435
0.700,19.130,6.352
0.700,19.130,6.352
0.700,17.223,7.055
0.688,13.247,5.820
0.688,13.247,5.820
0.688,8.115,4.398
0.688,8.115,4.398
0.688,9.014,5.059
0.688,9.014,5.059
0.000,8.704,4.398
0.688,6.027,4.635
0.688,6.027,4.635
0.000,5.719,4.101
0.000,5.719,4.101
0.688,6.242,4.322
0.688,6.242,4.322
0.688,6.694,4.801
0.688,6.578,4.717
0.688,6.578,4.717
0.688,7.180,4.717
0.688,7.180,4.717
0.688,9.667,4.635
0.688,11.120,4.635
0.688,11.120,4.635
0.688,10.737,4.476
0.688,8.857,3.960
0.688,8.857,3.960
0.688,7.435,3.757
0.688,5.332,2.941
0.000,3.503,2.791
0.000,1.622,3.154
0.000,1.622,3.154
0.688,3.757,6.242
0.688,3.757,6.242
0.000,2.602,4.173
0.000,2.302,3.757
0.000,2.302,3.757
0.000,2.302,3.757
0.000,1.932,3.628
0.000,1.932,4.101
0.000,1.932,4.101
0.000,1.899,4.322
0.688,1.802,5.332
0.688,1.802,5.332
0.688,1.740,6.464
0.688,1.899,7.306
0.688,1.899,7.306
0.688,2.426,8.258
0.688,2.426,8.258
0.700,2.648,9.173
0.700,3.267,10.368
0.700,3.267,10.368
0.700,4.247,11.926
0.700,4.247,11.926
0.700,5.922,13.017
0.700,5.922,13.017
0.713,7.567,15.780
0.713,7.567,15.780
0.713,8.857,17.836
0.713,9.014,17.836
0.713,9.014,17.836
0.725,11.926,20.161
0.725,11.926,21.247
0.725,11.926,21.247
0.725,13.480,20.161
0.725,16.342,20.879
0.725,16.342,20.879
0.725,17.223,22.004
0.725,17.527,21.247
0.725,18.472,20.161
0.725,18.472,20.161
0.713,20.161,17.527
0.713,20.161,17.527
0.713,20.879,14.713
0.700,21.622,10.551
0.700,21.622,10.551
0.700,18.151,10.011
0.700,18.151,10.011
0.688,10.737,6.694
0.688,4.476,4.030
0.688,4.476,4.030
0.000,2.001,2.840
0.000,2.001,2.840
0.000,1.315,2.384
0.000,1.315,2.384
0.000,1.362,2.146
0.000,1.362,2.146
0.000,1.386,2.184
0.000,1.270,1.899
0.000,1.270,1.899
0.000,1.315,1.362
0.000,1.315,1.362
0.000,1.362,1.226
0.000,1.362,1.184
0.000,1.362,1.184
0.000,1.386,1.143
0.000,1.338,1.085
0.000,1.338,1.085
0.000,1.315,1.163
0.000,1.362,1.184
0.000,1.362,1.184
0.000,1.362,1.184
0.000,1.362,1.184
0.000,1.315,1.163
0.000,1.315,1.163
0.000,1.338,1.104
0.000,1.338,1.104
0.000,1.435,1.486
0.000,1.486,1.410
0.000,1.486,1.410
0.000,1.460,1.435
0.000,1.460,1.435
0.000,1.460,1.486
0.000,1.460,1.486
0.000,1.486,1.486
0.000,1.486,1.486
0.000,1.460,1.460
0.000,1.460,1.460
0.000,1.486,1.460
0.000,1.486,1.460
0.000,1.486,1.460
0.000,1.486,1.486
0.000,1.486,1.486
0.000,1.512,1.460
0.000,1.512,1.460
0.000,1.512,1.460
0.000,1.512,1.460
0.000,1.512,1.460
0.000,1.512,1.460
0.000,1.512,1.486
0.000,1.512,1.486
0.000,1.512,1.486
0.000,1.512,1.486
0.000,1.435,1.460
0.000,1.435,1.460
0.000,1.486,1.512
0.000,1.486,1.512
0.000,1.486,1.512
0.000,1.512,1.566
0.000,1.512,1.566
0.000,1.486,1.460
0.000,1.486,1.460
0.000,1.486,1.460
0.000,1.512,1.539
0.000,1.512,1.566
0.000,1.486,1.594
0.000,1.486,1.566
0.000,1.539,1.594
0.000,1.486,1.594
0.000,1.512,1.594
0.000,1.486,1.594
0.000,1.486,1.594
0.000,1.512,1.622
0.000,1.512,1.622
0.000,1.512,1.622
0.000,1.512,1.622
0.000,1.512,1.622
0.000,1.539,1.622
0.000,1.512,1.622
0.000,1.512,1.622
0.000,1.512,1.622
0.000,1.512,1.622
0.000,1.512,1.594
0.000,1.539,1.622
0.000,1.539,1.622
0.000,1.539,1.622
0.000,1.539,1.622
0.000,1.566,1.622
0.000,1.566,1.622
0.000,1.594,1.622
0.000,1.566,1.622
0.000,1.566,1.622
0.000,1.539,1.622
0.000,1.539,1.622
0.000,1.512,1.622
0.000,1.512,1.622
0.000,1.539,1.622
0.000,1.539,1.622
0.000,1.539,1.622
0.000,1.566,1.622
0.000,1.566,1.622
0.000,1.566,1.622
0.000,1.566,1.594
0.000,1.566,1.594
0.000,1.566,1.594
0.000,1.594,1.622
0.000,1.594,1.622
0.000,1.566,1.594
0.000,1.539,1.622
0.000,1.866,1.710
0.000,1.899,1.740
0.000,1.866,1.740
0.000,1.866,1.740
0.000,1.899,1.740
0.000,1.899,1.740
0.000,1.899,1.740
0.000,2.512,3.210
0.000,2.695,3.757
0.000,2.512,2.941
0.000,2.037,2.602
0.000,2.037,3.210
0.000,2.384,4.555
0.000,4.398,7.700
0.700,9.335,15.237
0.713,12.791,18.151
0.725,18.798,19.130
0.713,17.223,13.961
0.700,15.506,12.569
0.700,12.351,5.820
0.000,3.267,2.890
0.000,1.486,1.932
0.000,2.109,2.184
0.000,2.001,2.223
0.000,4.972,2.941
0.000,4.972,2.941
0.000,4.476,2.993
0.000,3.503,2.109
0.000,3.046,1.866
0.000,2.262,1.932
0.000,1.410,1.270
0.000,1.410,1.270
0.000,1.410,1.770
0.000,1.622,3.628
0.000,1.622,3.628
0.000,1.622,3.628
0.000,1.622,3.628
0.000,2.223,2.941
0.000,2.262,4.398
0.000,2.109,4.247
0.000,2.109,4.247
0.000,1.932,4.972
0.688,2.469,7.055
0.688,3.757,9.173
0.700,6.812,13.718
0.713,9.335,16.924
0.713,9.335,16.924
0.725,8.115,17.836
0.738,19.130,19.811
0.738,22.004,18.472
0.738,22.004,16.058
0.700,19.811,9.667
0.000,6.133,3.757
0.000,6.133,3.757
0.000,2.001,2.184
0.000,2.001,2.184
0.000,2.109,2.223
0.000,2.384,2.223
0.000,2.648,2.302
0.000,2.648,2.302
0.000,4.322,2.223
0.000,6.352,2.223
0.000,3.891,1.866
0.000,2.840,1.680
0.000,2.840,1.680
0.000,2.791,2.223
0.000,2.791,2.223
0.688,3.383,4.030
0.688,3.692,5.332
0.688,3.383,7.435
0.688,3.383,8.704
0.688,3.383,8.704
0.000,3.046,7.306
0.688,2.993,5.332
0.000,2.602,5.426
0.000,2.262,5.149
0.000,2.262,5.149
0.000,1.866,4.801
0.000,1.512,4.801
0.000,1.486,4.801
0.688,1.435,5.522
0.688,1.435,5.522
0.688,1.566,8.115
0.700,2.695,10.737
0.700,5.149,10.737
0.700,5.149,10.737
0.713,7.836,11.926
0.713,7.836,11.926
0.738,17.223,22.004
0.738,17.223,22.004
0.792,33.490,20.161
0.725,30.151,13.718
0.725,30.151,13.718
0.688,13.718,7.055
0.000,3.154,3.267
0.000,1.622,2.262
0.000,1.622,2.262
0.000,2.001,2.557
0.000,2.993,2.648
0.000,2.993,2.648
0.000,3.046,2.695
0.000,3.443,2.469
0.000,2.890,2.695
0.000,3.891,2.512
0.000,3.891,2.512
0.000,4.885,2.146
0.000,4.322,1.899
0.000,4.322,1.899
0.000,2.993,2.602
0.000,2.302,3.628
0.000,2.302,3.628
0.688,3.099,4.801
0.688,3.099,4.801
0.688,3.565,6.464
0.688,3.565,6.464
0.000,3.267,4.173
0.000,1.226,1.226
0.000,1.226,1.226
0.000,1.338,1.435
0.000,1.338,1.512
0.000,1.338,1.512
0.000,1.386,1.539
0.000,1.362,1.539
0.000,1.362,1.539
0.000,1.362,1.566
0.000,1.362,1.566
0.000,1.410,1.566
0.000,1.410,1.566
0.000,1.410,1.566
0.000,1.410,1.566
0.000,1.410,1.539
0.000,1.435,1.566
0.000,1.435,1.566
0.000,1.435,1.539
0.000,1.566,1.834
0.000,1.566,1.834
0.000,1.566,1.802
0.000,1.566,1.710
0.000,1.566,1.740
0.000,1.802,1.866
0.000,1.770,2.262
0.000,1.362,1.539
0.000,1.932,2.469
0.000,1.651,2.602
0.000,1.770,2.742
0.000,1.966,3.960
0.000,2.343,6.933
0.000,3.503,13.247
0.688,7.435,16.342
0.688,9.014,16.630
0.688,8.704,12.791
0.688,8.404,9.838
0.000,7.974,2.941
0.000,9.667,4.030
0.000,9.173,4.398
0.000,9.499,5.522
0.000,6.694,5.820
0.000,6.694,6.027
0.000,6.133,5.240
0.000,4.717,4.030
0.000,3.628,3.757
0.000,3.154,4.247
0.000,2.602,4.885
0.000,2.469,7.180
0.000,2.469,7.180
0.000,2.890,7.435
0.000,2.993,5.820
0.000,3.099,5.922
0.000,3.099,5.922
0.000,2.695,5.820
0.000,2.648,6.027
0.000,2.648,6.027
0.000,2.469,8.258
0.000,2.426,9.173
0.000,2.343,9.667
0.000,2.343,11.120
0.000,3.324,13.718
0.000,3.324,13.718
0.688,4.801,15.780
0.688,7.567,19.467
0.688,7.567,19.467
0.700,9.838,19.130
0.700,10.927,21.247
0.700,12.351,20.161
0.688,9.667,8.857
0.688,10.737,5.059
0.000,9.014,2.262
0.000,9.014,2.262
0.000,6.133,2.840
0.000,4.247,2.890
0.000,4.885,3.046
0.000,4.885,3.046
0.000,5.426,3.565
0.000,5.820,3.565
0.000,6.812,3.757
0.000,5.332,3.099
0.000,5.240,2.890
0.000,5.240,2.890
0.000,4.476,2.791
0.000,4.247,2.695
0.000,4.247,2.695
0.000,3.443,2.742
0.000,2.941,4.030
0.000,2.557,7.306
0.000,3.824,8.404
0.000,3.503,7.306
0.000,3.503,7.306
0.000,2.890,4.476
0.000,2.469,5.619
0.000,2.469,5.619
0.000,1.594,6.812
0.000,1.802,9.335
0.000,3.757,14.973
0.688,7.055,18.472
0.700,11.926,21.247
0.700,13.480,16.058
0.700,13.480,16.058
0.688,13.017,9.499
0.688,11.316,4.885
0.000,7.055,4.247
0.000,4.322,3.565
0.000,4.322,3.565
0.000,3.099,3.154
0.000,2.695,3.099
0.000,2.941,2.993
0.000,3.443,2.791
0.000,3.443,2.791
0.688,4.717,2.890
0.000,4.030,2.469
0.000,2.648,3.267
0.000,2.695,5.332
0.000,2.223,6.352
0.000,2.223,6.352
0.000,2.146,3.757
0.000,2.146,3.757
0.000,2.037,1.435
0.000,1.539,1.362
0.000,1.386,1.460
0.000,1.386,1.460
0.000,1.270,1.566
0.000,1.270,1.410
0.000,1.315,1.410
0.000,1.315,1.410
0.000,1.362,1.486
0.000,1.362,1.486
0.000,1.362,1.486
0.000,1.386,1.486
0.000,1.386,1.486
0.000,1.386,1.512
0.000,1.386,1.539
0.000,1.386,1.566
0.000,1.386,1.566
0.000,1.410,1.566
0.000,1.410,1.566
0.000,1.410,1.594
0.000,1.386,1.566
0.000,1.386,1.566
